[
  {
    "id": "a930b084-04ac-3ee1-bc32-877053c69481",
    "firstName": "Willy",
    "lastName": "Bachmann",
    "email": "friedrich67@seidl.com",
    "addresses": [
      {
        "type": "billing",
        "address": "Neubertgasse 12b",
        "city": "Gera",
        "zip": "19247"
      },
      {
        "type": "shipping",
        "address": "Grafweg 39",
        "city": "Kehl",
        "zip": "94954"
      }
    ]
  },
  {
    "id": "9a8fcee2-09f1-30d8-a038-80bf6058fce2",
    "firstName": "Bodo",
    "lastName": "Kunz",
    "email": "fwendt@t-online.de",
    "addresses": [
      {
        "type": "billing",
        "address": "Kirschplatz 9a",
        "city": "Vreden",
        "zip": "41011"
      },
      {
        "type": "shipping",
        "address": "Till-Bruns-Platz 0a",
        "city": "Hofheim am Taunus",
        "zip": "43580"
      }
    ]
  },
  {
    "id": "00b30583-bbe7-3c03-9898-537a7f54c919",
    "firstName": "Madeleine",
    "lastName": "May",
    "email": "heike46@bartels.com",
    "addresses": [
      {
        "type": "billing",
        "address": "Gretel-Marx-Ring 83c",
        "city": "Enger",
        "zip": "27203"
      },
      {
        "type": "shipping",
        "address": "Lemkeallee 12a",
        "city": "Schwelm",
        "zip": "02908"
      }
    ]
  },
  {
    "id": "9b410a57-5d84-3809-9851-10260be496bd",
    "firstName": "Claus",
    "lastName": "Pohl",
    "email": "pieper.robin@thomas.com",
    "addresses": [
      {
        "type": "billing",
        "address": "Selma-Kramer-Platz 6a",
        "city": "W\u00fcrselen",
        "zip": "29321"
      },
      {
        "type": "shipping",
        "address": "Ingelore-Greiner-Ring 61a",
        "city": "Solingen",
        "zip": "13495"
      }
    ]
  },
  {
    "id": "892d9d15-3225-3193-92d2-027f50d49333",
    "firstName": "Carlos",
    "lastName": "Sommer",
    "email": "ikruse@reimer.com",
    "addresses": [
      {
        "type": "billing",
        "address": "Karsten-Hummel-Weg 64c",
        "city": "Goch",
        "zip": "31093"
      },
      {
        "type": "shipping",
        "address": "Krollgasse 0a",
        "city": "Weil am Rhein",
        "zip": "25270"
      }
    ]
  },
  {
    "id": "5301f203-9db8-302d-bc62-c8193842ab58",
    "firstName": "Berndt",
    "lastName": "Kroll",
    "email": "fsteffen@gmail.com",
    "addresses": [
      {
        "type": "billing",
        "address": "Ivan-Steinbach-Gasse 9c",
        "city": "Gladbeck",
        "zip": "70699"
      },
      {
        "type": "shipping",
        "address": "Klaus Dieter-Kruse-Weg 35a",
        "city": "K\u00f6nigswinter",
        "zip": "21434"
      }
    ]
  },
  {
    "id": "2437f834-c9a7-30fe-85af-3d883242b0a7",
    "firstName": "Gertrud",
    "lastName": "Beer",
    "email": "lukas81@web.de",
    "addresses": [
      {
        "type": "billing",
        "address": "Ahrensweg 2\/1",
        "city": "Waiblingen",
        "zip": "14896"
      },
      {
        "type": "shipping",
        "address": "Kurt-Behrens-Stra\u00dfe 12a",
        "city": "Wangen im Allg\u00e4u",
        "zip": "35648"
      }
    ]
  },
  {
    "id": "87b17ea4-b830-3eaa-91a7-9017fe982070",
    "firstName": "Christian",
    "lastName": "Weise",
    "email": "franke.helfried@live.de",
    "addresses": [
      {
        "type": "billing",
        "address": "Blockstr. 4",
        "city": "D\u00fclmen",
        "zip": "02712"
      },
      {
        "type": "shipping",
        "address": "Natalie-Bayer-Ring 5\/8",
        "city": "Einbeck",
        "zip": "85632"
      }
    ]
  },
  {
    "id": "a830cdbf-4569-3615-9ed6-9c0b1345a0e0",
    "firstName": "Daniela",
    "lastName": "Zander",
    "email": "kromer@gunther.de",
    "addresses": [
      {
        "type": "billing",
        "address": "Ines-Heck-Gasse 2b",
        "city": "Wittmund",
        "zip": "00984"
      },
      {
        "type": "shipping",
        "address": "Wildweg 99",
        "city": "Blieskastel",
        "zip": "62015"
      }
    ]
  },
  {
    "id": "8fa5f3f3-a6fd-3e55-8ba5-08e383928f39",
    "firstName": "K\u00e4the",
    "lastName": "Moser",
    "email": "buttner.rupert@gmail.com",
    "addresses": [
      {
        "type": "billing",
        "address": "Centa-Pietsch-Stra\u00dfe 6b",
        "city": "Merseburg",
        "zip": "74055"
      },
      {
        "type": "shipping",
        "address": "Metzallee 6b",
        "city": "Bitterfeld-Wolfen",
        "zip": "31905"
      }
    ]
  }
]