[
  {
    "orderId": "6d7587cc-10b4-360f-8aef-1542b35305d8",
    "id": "c48cf79d-61b9-3314-92e2-c2a035df645b",
    "name": "Or Enscrmesa..abc Kn",
    "quantity": 1,
    "basePrice": -18.01
  },
  {
    "orderId": "6d7587cc-10b4-360f-8aef-1542b35305d8",
    "id": "375fb562-4086-352c-aab9-63f63aec503c",
    "name": "Neiiaaxmas Idlhcm",
    "quantity": 1,
    "basePrice": 24.92
  },
  {
    "orderId": "6d7587cc-10b4-360f-8aef-1542b35305d8",
    "id": "38c82f0b-200c-35ad-a8ff-51663b14909a",
    "name": "Aniees Nelyrabe",
    "quantity": 1,
    "basePrice": -27.21
  },
  {
    "orderId": "6d7587cc-10b4-360f-8aef-1542b35305d8",
    "id": "6038bd0d-a16a-3cbc-bf4d-452af9f324c5",
    "name": "Em Rirlrchbat Leeh",
    "quantity": 1,
    "basePrice": 26.46
  },
  {
    "orderId": "6d7587cc-10b4-360f-8aef-1542b35305d8",
    "id": "5b0c1396-673a-3d1d-9299-fca8639188a8",
    "name": "E Tsacipjtthu",
    "quantity": 1,
    "basePrice": 31.51
  },
  {
    "orderId": "6d7587cc-10b4-360f-8aef-1542b35305d8",
    "id": "5c04b361-d06b-343e-9ac6-89b9ff389132",
    "name": "Crebsk?rv T?enne",
    "quantity": 1,
    "basePrice": 17.12
  },
  {
    "orderId": "507f8f44-c925-35a6-8e2f-45b46884b15e",
    "id": "add52935-a605-30d5-8f17-67d72f88cbc3",
    "name": "Geresi Jeegs",
    "quantity": 1,
    "basePrice": 11.53
  },
  {
    "orderId": "507f8f44-c925-35a6-8e2f-45b46884b15e",
    "id": "e7a8dbc9-21f7-3213-8e30-817bfc457cb8",
    "name": "Hkahnr Tr.d Ldneerer",
    "quantity": 1,
    "basePrice": 33.53
  },
  {
    "orderId": "507f8f44-c925-35a6-8e2f-45b46884b15e",
    "id": "65a3f03e-1fba-39f4-8c9e-15b5878848bc",
    "name": "Rdhedor Hakeec",
    "quantity": 1,
    "basePrice": 17.87
  },
  {
    "orderId": "507f8f44-c925-35a6-8e2f-45b46884b15e",
    "id": "28fa18a4-e25c-3849-833a-0116bd1baf2d",
    "name": "Otefhs? Ech?r",
    "quantity": 1,
    "basePrice": 9.14
  },
  {
    "orderId": "507f8f44-c925-35a6-8e2f-45b46884b15e",
    "id": "f661b6cc-d776-3e1e-95bc-e9061cc4a4a4",
    "name": "Tehpk N.faebracrod L  .erro.r",
    "quantity": 1,
    "basePrice": -25.58
  },
  {
    "orderId": "c0392797-5f34-30e0-8197-d4a65b98afbb",
    "id": "880b9932-93d1-38a9-a1a9-68ed86007804",
    "name": ".mrdh Easu.bat Ina Eb",
    "quantity": 1,
    "basePrice": 14.08
  },
  {
    "orderId": "c0392797-5f34-30e0-8197-d4a65b98afbb",
    "id": "74651ea4-ddbb-37ec-86fa-e1b43899bf63",
    "name": "Emertapr B.agi?draao.rb?.f N.hr Gurl  F",
    "quantity": 1,
    "basePrice": 26.04
  },
  {
    "orderId": "c0392797-5f34-30e0-8197-d4a65b98afbb",
    "id": "7d5851ab-6feb-3889-89f0-c52699918908",
    "name": "Ao.a H.smtetbserhcs",
    "quantity": 1,
    "basePrice": 25.21
  },
  {
    "orderId": "0e3fc934-7c78-3a93-b13b-367fd8fa6a1f",
    "id": "f68572eb-1a1b-3984-aec0-3675c31ace5c",
    "name": "N Sblaw.kme Alukir",
    "quantity": 1,
    "basePrice": 12.22
  },
  {
    "orderId": "0e3fc934-7c78-3a93-b13b-367fd8fa6a1f",
    "id": "a6539a3a-056f-34b6-8a27-af1e4ee135f5",
    "name": "Rkeot-Hppmrh Uo",
    "quantity": 1,
    "basePrice": 33.23
  },
  {
    "orderId": "0e3fc934-7c78-3a93-b13b-367fd8fa6a1f",
    "id": "42ef0146-f085-38d2-95e7-9b57bb646331",
    "name": "Izgel Afru",
    "quantity": 1,
    "basePrice": 29.52
  },
  {
    "orderId": "6829ada7-8a2a-39e9-8c10-f19bc44c2e08",
    "id": "fd6fdbd6-f77a-31ea-9c55-e7941dba2d90",
    "name": ".ii Ag.ennr Tnnebhw",
    "quantity": 1,
    "basePrice": 8.1
  },
  {
    "orderId": "6829ada7-8a2a-39e9-8c10-f19bc44c2e08",
    "id": "0038fe39-882d-3457-b90d-1b9ef2be3ff4",
    "name": "Tbhacb?vrn?ie K ..te",
    "quantity": 1,
    "basePrice": 16.51
  },
  {
    "orderId": "6829ada7-8a2a-39e9-8c10-f19bc44c2e08",
    "id": "e216a3da-ba8d-363e-b39e-2802b863159a",
    "name": "Ra Ereudb-Greirteeermrg",
    "quantity": 1,
    "basePrice": 28.72
  },
  {
    "orderId": "6829ada7-8a2a-39e9-8c10-f19bc44c2e08",
    "id": "8e1c7f01-6756-3e50-926b-f02996687b77",
    "name": "Elijhcasaan Qeue",
    "quantity": 1,
    "basePrice": 19.89
  },
  {
    "orderId": "9fed60c9-4949-34a9-90f7-b5f2efead90a",
    "id": "4f5e12de-3f17-315c-b1bc-35c3cc1a5cf4",
    "name": "T .e Rvn.saggsbeo",
    "quantity": 1,
    "basePrice": 7.59
  },
  {
    "orderId": "9fed60c9-4949-34a9-90f7-b5f2efead90a",
    "id": "c264208f-cf9b-3ccb-b779-801975e6db36",
    "name": "Aeihmsehrien Hhr-Entlcnt",
    "quantity": 1,
    "basePrice": 25.21
  },
  {
    "orderId": "4a74043b-1806-3ebd-96ea-7d34eec28674",
    "id": "8df59201-bf82-399d-a45b-0fd95cefe5fa",
    "name": "Tn Sa Rrehtdb.seh.oacer",
    "quantity": 1,
    "basePrice": 31.47
  },
  {
    "orderId": "4a74043b-1806-3ebd-96ea-7d34eec28674",
    "id": "09cd2440-8899-3703-8d83-dd575dba7940",
    "name": "Mmaas Daartho Nb.s",
    "quantity": 1,
    "basePrice": 14.9
  },
  {
    "orderId": "4a74043b-1806-3ebd-96ea-7d34eec28674",
    "id": "f43dc45e-a348-3e5a-875a-8cd72c590b4c",
    "name": "I.tdhebctas Frao .",
    "quantity": 1,
    "basePrice": 16.46
  },
  {
    "orderId": "4a74043b-1806-3ebd-96ea-7d34eec28674",
    "id": "a69dfba8-977f-38c8-b567-67a462dd7fa1",
    "name": "Cdtl? Ernyh?as",
    "quantity": 1,
    "basePrice": 20.11
  },
  {
    "orderId": "8586e819-7862-3397-beca-32e464bdfb33",
    "id": "21d08ee2-32ad-3c9c-91d2-3d49b46c9699",
    "name": "I Hmeh Eckh.ebta",
    "quantity": 1,
    "basePrice": 16.31
  },
  {
    "orderId": "8586e819-7862-3397-beca-32e464bdfb33",
    "id": "3dc2d7d7-af64-33da-9d6d-00f291f303b1",
    "name": "G? .b Hirdhnnn?rreene Hr",
    "quantity": 1,
    "basePrice": 33.21
  },
  {
    "orderId": "8586e819-7862-3397-beca-32e464bdfb33",
    "id": "ac9aec3e-7df6-3d20-8186-d63d2893c060",
    "name": "Przan Eefndfrrfe-Yihe",
    "quantity": 1,
    "basePrice": 34.51
  },
  {
    "orderId": "8586e819-7862-3397-beca-32e464bdfb33",
    "id": "c2da060b-db5b-3ad3-ab00-fc6850c09b45",
    "name": "Dn? Srn Agnhbreaj?",
    "quantity": 1,
    "basePrice": 8.9
  },
  {
    "orderId": "437d6c16-77fa-31c1-82c9-e67c386ec17c",
    "id": "84b8d96a-d2a1-3f0c-98dd-7801ee2568d1",
    "name": "A.hel Lbdiosme Ryb",
    "quantity": 1,
    "basePrice": 35.02
  },
  {
    "orderId": "437d6c16-77fa-31c1-82c9-e67c386ec17c",
    "id": "c22513bb-8888-3f50-9062-971d32127f63",
    "name": "Tfimrespch-Eem Su",
    "quantity": 1,
    "basePrice": -21.41
  },
  {
    "orderId": "437d6c16-77fa-31c1-82c9-e67c386ec17c",
    "id": "b3a40f39-8bbe-31a4-8435-5fb95325ba23",
    "name": "Nmn. Rn Aua R Faemaa.datbhr",
    "quantity": 1,
    "basePrice": 33.67
  },
  {
    "orderId": "437d6c16-77fa-31c1-82c9-e67c386ec17c",
    "id": "7874bda1-8e30-39e8-9602-ca9b1766c11d",
    "name": "Jarezd Novtg",
    "quantity": 1,
    "basePrice": 33.4
  },
  {
    "orderId": "437d6c16-77fa-31c1-82c9-e67c386ec17c",
    "id": "3c88ba6b-d0d1-3cf6-8baa-0f381236b1bb",
    "name": "Enutbaends-Rure Ahie",
    "quantity": 1,
    "basePrice": 17.4
  },
  {
    "orderId": "c5d9a971-6be4-3d27-bece-a4d6efb56ed3",
    "id": "78a1a9e8-d89e-30c6-bd02-0c145bc89c2e",
    "name": "Rldnriir Lwlwhieuehc",
    "quantity": 1,
    "basePrice": 27.64
  },
  {
    "orderId": "c5d9a971-6be4-3d27-bece-a4d6efb56ed3",
    "id": "00542e7b-e611-373b-a7ab-c92dff2a3217",
    "name": "In Lgoanl",
    "quantity": 1,
    "basePrice": 15.88
  },
  {
    "orderId": "c5d9a971-6be4-3d27-bece-a4d6efb56ed3",
    "id": "dfb7a68a-7ac2-382b-b096-6def12b572ae",
    "name": "Rlp Irluhhca",
    "quantity": 1,
    "basePrice": 13.4
  },
  {
    "orderId": "c5d9a971-6be4-3d27-bece-a4d6efb56ed3",
    "id": "790418d1-4db9-381f-bd1b-7f72b098bd9f",
    "name": "Eisewnt Re.escb .ebkp",
    "quantity": 1,
    "basePrice": 30.27
  },
  {
    "orderId": "e98f86b7-163f-3a5f-a309-a8bfb81c328c",
    "id": "6d27418f-8760-3f07-ac53-22540225a453",
    "name": "Ehgneuaarl   Bkl.fiuc.ne",
    "quantity": 1,
    "basePrice": -17.61
  },
  {
    "orderId": "e98f86b7-163f-3a5f-a309-a8bfb81c328c",
    "id": "5b222e92-2ae4-3823-b4ec-cf3dc039b126",
    "name": "I Rmloesiafefrenepnlre-",
    "quantity": 1,
    "basePrice": 18.07
  },
  {
    "orderId": "e98f86b7-163f-3a5f-a309-a8bfb81c328c",
    "id": "7870134c-3358-3573-b9c6-26bdedfcbdff",
    "name": "Aurabdanr In",
    "quantity": 1,
    "basePrice": 13.74
  },
  {
    "orderId": "e2112991-f194-37a3-aa04-4690802f89a0",
    "id": "01a395ac-510b-35b3-9a33-e79121bc78c9",
    "name": "N Nrjnauebsso",
    "quantity": 1,
    "basePrice": 8.48
  },
  {
    "orderId": "e2112991-f194-37a3-aa04-4690802f89a0",
    "id": "c3b8d8ca-5ddf-365a-b72c-4bb60b6c9d3c",
    "name": "Ersabn?th?-E?bte? In",
    "quantity": 1,
    "basePrice": 19.88
  },
  {
    "orderId": "e2112991-f194-37a3-aa04-4690802f89a0",
    "id": "eccba051-56db-3fa4-9b8d-37ce60148be5",
    "name": "Reacm ?idel?arh",
    "quantity": 1,
    "basePrice": -9.15
  },
  {
    "orderId": "e2112991-f194-37a3-aa04-4690802f89a0",
    "id": "30d9a904-659a-31e9-b6f9-09153ace9476",
    "name": "A?rel?iremevll",
    "quantity": 1,
    "basePrice": 16.2
  },
  {
    "orderId": "e2112991-f194-37a3-aa04-4690802f89a0",
    "id": "1dca3099-714c-30c3-93e3-1993f769adad",
    "name": "Iaolsli Ghttvckas",
    "quantity": 1,
    "basePrice": 28.68
  },
  {
    "orderId": "c5984f88-c165-36b6-b79a-fd863c50b0a6",
    "id": "ab8fa89b-04a6-35c6-bf8b-0f1f93cca956",
    "name": "D Dnariaajno",
    "quantity": 1,
    "basePrice": 6.65
  },
  {
    "orderId": "ed11700d-3800-3869-b8f8-874a76be5607",
    "id": "863a8ea1-0e0a-3ceb-97a8-d10748cf9ca7",
    "name": "Aeben-Neojissrerh Mfcrh",
    "quantity": 1,
    "basePrice": 30.74
  },
  {
    "orderId": "ed11700d-3800-3869-b8f8-874a76be5607",
    "id": "e0f25fd0-f3e3-36d5-9a57-48fbd1794055",
    "name": "Abnyhrec Herlirai-K",
    "quantity": 1,
    "basePrice": 29.1
  },
  {
    "orderId": "eb174deb-72ba-3d0b-9efc-8bbcef60368c",
    "id": "d75c59b9-daa2-3a93-8330-18ada80618ea",
    "name": "Prfpw Lau",
    "quantity": 1,
    "basePrice": 6.22
  },
  {
    "orderId": "bea3e942-9844-3e7f-a896-3d0cd6f9861e",
    "id": "681869dc-372f-3f12-9cf3-969d96844655",
    "name": "Uiusga-Shm Oanarl",
    "quantity": 1,
    "basePrice": 34.11
  },
  {
    "orderId": "bea3e942-9844-3e7f-a896-3d0cd6f9861e",
    "id": "704f63f3-9d57-3527-8f24-605e3972136c",
    "name": "Aas-Nmkmrcbajcom Eane",
    "quantity": 1,
    "basePrice": -17.92
  },
  {
    "orderId": "bea3e942-9844-3e7f-a896-3d0cd6f9861e",
    "id": "af078f1e-6f38-3dea-b661-db02ad85985c",
    "name": "Tsrre .rrhue.hwmegb N Nld.ei E",
    "quantity": 1,
    "basePrice": 16.4
  },
  {
    "orderId": "bea3e942-9844-3e7f-a896-3d0cd6f9861e",
    "id": "636cb466-b157-3163-8d2f-224a11fadd36",
    "name": "Brr. Rrmm Epoifom.her Lfz A",
    "quantity": 1,
    "basePrice": 14.32
  },
  {
    "orderId": "bea3e942-9844-3e7f-a896-3d0cd6f9861e",
    "id": "253bf8b9-1462-352b-aeef-0c6a1817cd2d",
    "name": ".angb. Ol Esnyzbe",
    "quantity": 1,
    "basePrice": 17.45
  },
  {
    "orderId": "cf059957-9a54-3016-841d-2f435b3812f5",
    "id": "3109ab3d-4652-3044-bee2-b29511ee22fb",
    "name": "Grnthgmenaiab. E N",
    "quantity": 1,
    "basePrice": 19.2
  },
  {
    "orderId": "cf059957-9a54-3016-841d-2f435b3812f5",
    "id": "8b547b21-aa72-32a9-8331-8886d37d3c0d",
    "name": "Strnphp He..oee Rj Rorfsdh.sc. P Ba",
    "quantity": 1,
    "basePrice": 8.25
  },
  {
    "orderId": "cf059957-9a54-3016-841d-2f435b3812f5",
    "id": "eee37004-4e8f-33c9-91ae-9a81a490bac2",
    "name": "Sl Ld-Nekeroeuoarinb",
    "quantity": 1,
    "basePrice": 26.62
  },
  {
    "orderId": "cf059957-9a54-3016-841d-2f435b3812f5",
    "id": "846f4659-6a75-3d05-87c4-532305fb7393",
    "name": "Edjhantoer",
    "quantity": 1,
    "basePrice": -5.72
  },
  {
    "orderId": "cf059957-9a54-3016-841d-2f435b3812f5",
    "id": "59350e06-6298-3549-91e7-ebc9974fb186",
    "name": "Seuadajnra Anrd F",
    "quantity": 1,
    "basePrice": 8.34
  },
  {
    "orderId": "63124340-7bd8-3893-b79e-638e5a71959e",
    "id": "55d92f04-7eee-3537-9714-60cf23f7d554",
    "name": "Twsohaor Lkefftnl-",
    "quantity": 1,
    "basePrice": 26.78
  },
  {
    "orderId": "63124340-7bd8-3893-b79e-638e5a71959e",
    "id": "d9199d5e-d2b8-3925-87d1-c8c8fe714305",
    "name": "Lmadnbee Tgaza",
    "quantity": 1,
    "basePrice": 5.31
  },
  {
    "orderId": "63124340-7bd8-3893-b79e-638e5a71959e",
    "id": "3a993d99-4b14-3cde-9d5a-6691a2326ae1",
    "name": "Rnuosib Char",
    "quantity": 1,
    "basePrice": 17.31
  },
  {
    "orderId": "4a1d3453-944a-3c87-b7a5-11cc6989e8a6",
    "id": "14e535f4-8095-34c3-b958-c1a1de7b225b",
    "name": "Kineetswuergh- E",
    "quantity": 1,
    "basePrice": 22.4
  },
  {
    "orderId": "4a1d3453-944a-3c87-b7a5-11cc6989e8a6",
    "id": "3e53eee9-2e08-3515-82af-b43da050a7f4",
    "name": "Oidu Fpfte .  Tad.rnanrbrar",
    "quantity": 1,
    "basePrice": 30.59
  },
  {
    "orderId": "4a1d3453-944a-3c87-b7a5-11cc6989e8a6",
    "id": "2ee428ed-6a5b-3fdc-93b4-ef012c1f2672",
    "name": "Uur Fnide-Ltrmredeawir",
    "quantity": 1,
    "basePrice": 13.69
  },
  {
    "orderId": "4a1d3453-944a-3c87-b7a5-11cc6989e8a6",
    "id": "5f49e6f7-b4a6-3643-b7a1-45363258bd1f",
    "name": "Sasxa Jemnn",
    "quantity": 1,
    "basePrice": 26.56
  },
  {
    "orderId": "4a1d3453-944a-3c87-b7a5-11cc6989e8a6",
    "id": "8eacb095-4afc-3a1e-86a8-aaab632e0c7b",
    "name": "Nskantmhorlihhataben-R",
    "quantity": 1,
    "basePrice": 34.26
  },
  {
    "orderId": "4a1d3453-944a-3c87-b7a5-11cc6989e8a6",
    "id": "45239d30-3853-3c7e-8c15-38a793af74ac",
    "name": "Akcnu Iorsaerl",
    "quantity": 1,
    "basePrice": 12.64
  },
  {
    "orderId": "7bfbedfc-83cf-3c0e-bbe7-f8db471c8d16",
    "id": "e58d5fb3-a24b-32f6-9de5-a071227b369e",
    "name": "Ab . Rd F..ulivaer Ztu",
    "quantity": 1,
    "basePrice": 12.33
  },
  {
    "orderId": "7bfbedfc-83cf-3c0e-bbe7-f8db471c8d16",
    "id": "92987ba5-9f0b-3fad-8e30-6a63ec3cd148",
    "name": "Lkviiaoirte K",
    "quantity": 1,
    "basePrice": 26.84
  }
]
